{
  "BuildingsAvailable": [
    {
      "Command": "BuildAlienFactory",
      "Type": "AlienFactory",
      "Cost": 1
    },
    {
      "Command": "BuildMissileController",
      "Type": "MissileController",
      "Cost": 1
    },
    {
      "Command": "BuildShield",
      "Type": "Shield",
      "Cost": 1
    }
  ],
  "Map": {
    "Width": 19,
    "Height": 25,
    "Rows": [
      [
        {
          "Id": 1,
          "Alive": true,
          "X": 0,
          "Y": 0,
          "Width": 1,
          "Height": 1,
          "Type": "Wall",
          "PlayerNumber": 0
        },
        {
          "Id": 2,
          "Alive": true,
          "X": 1,
          "Y": 0,
          "Width": 1,
          "Height": 1,
          "Type": "Wall",
          "PlayerNumber": 0
        },
        {
          "Id": 3,
          "Alive": true,
          "X": 2,
          "Y": 0,
          "Width": 1,
          "Height": 1,
          "Type": "Wall",
          "PlayerNumber": 0
        },
        {
          "Id": 4,
          "Alive": true,
          "X": 3,
          "Y": 0,
          "Width": 1,
          "Height": 1,
          "Type": "Wall",
          "PlayerNumber": 0
        },
        {
          "Id": 5,
          "Alive": true,
          "X": 4,
          "Y": 0,
          "Width": 1,
          "Height": 1,
          "Type": "Wall",
          "PlayerNumber": 0
        },
        {
          "Id": 6,
          "Alive": true,
          "X": 5,
          "Y": 0,
          "Width": 1,
          "Height": 1,
          "Type": "Wall",
          "PlayerNumber": 0
        },
        {
          "Id": 7,
          "Alive": true,
          "X": 6,
          "Y": 0,
          "Width": 1,
          "Height": 1,
          "Type": "Wall",
          "PlayerNumber": 0
        },
        {
          "Id": 8,
          "Alive": true,
          "X": 7,
          "Y": 0,
          "Width": 1,
          "Height": 1,
          "Type": "Wall",
          "PlayerNumber": 0
        },
        {
          "Id": 9,
          "Alive": true,
          "X": 8,
          "Y": 0,
          "Width": 1,
          "Height": 1,
          "Type": "Wall",
          "PlayerNumber": 0
        },
        {
          "Id": 10,
          "Alive": true,
          "X": 9,
          "Y": 0,
          "Width": 1,
          "Height": 1,
          "Type": "Wall",
          "PlayerNumber": 0
        },
        {
          "Id": 11,
          "Alive": true,
          "X": 10,
          "Y": 0,
          "Width": 1,
          "Height": 1,
          "Type": "Wall",
          "PlayerNumber": 0
        },
        {
          "Id": 12,
          "Alive": true,
          "X": 11,
          "Y": 0,
          "Width": 1,
          "Height": 1,
          "Type": "Wall",
          "PlayerNumber": 0
        },
        {
          "Id": 13,
          "Alive": true,
          "X": 12,
          "Y": 0,
          "Width": 1,
          "Height": 1,
          "Type": "Wall",
          "PlayerNumber": 0
        },
        {
          "Id": 14,
          "Alive": true,
          "X": 13,
          "Y": 0,
          "Width": 1,
          "Height": 1,
          "Type": "Wall",
          "PlayerNumber": 0
        },
        {
          "Id": 15,
          "Alive": true,
          "X": 14,
          "Y": 0,
          "Width": 1,
          "Height": 1,
          "Type": "Wall",
          "PlayerNumber": 0
        },
        {
          "Id": 16,
          "Alive": true,
          "X": 15,
          "Y": 0,
          "Width": 1,
          "Height": 1,
          "Type": "Wall",
          "PlayerNumber": 0
        },
        {
          "Id": 17,
          "Alive": true,
          "X": 16,
          "Y": 0,
          "Width": 1,
          "Height": 1,
          "Type": "Wall",
          "PlayerNumber": 0
        },
        {
          "Id": 18,
          "Alive": true,
          "X": 17,
          "Y": 0,
          "Width": 1,
          "Height": 1,
          "Type": "Wall",
          "PlayerNumber": 0
        },
        {
          "Id": 19,
          "Alive": true,
          "X": 18,
          "Y": 0,
          "Width": 1,
          "Height": 1,
          "Type": "Wall",
          "PlayerNumber": 0
        }
      ],
      [
        {
          "Id": 20,
          "Alive": true,
          "X": 0,
          "Y": 1,
          "Width": 1,
          "Height": 1,
          "Type": "Wall",
          "PlayerNumber": 0
        },
        null,
        {
          "LivesCost": 1,
          "Id": 161,
          "Alive": true,
          "X": 2,
          "Y": 1,
          "Width": 3,
          "Height": 1,
          "Type": "AlienFactory",
          "PlayerNumber": 2
        },
        {
          "LivesCost": 1,
          "Id": 161,
          "Alive": true,
          "X": 2,
          "Y": 1,
          "Width": 3,
          "Height": 1,
          "Type": "AlienFactory",
          "PlayerNumber": 2
        },
        {
          "LivesCost": 1,
          "Id": 161,
          "Alive": true,
          "X": 2,
          "Y": 1,
          "Width": 3,
          "Height": 1,
          "Type": "AlienFactory",
          "PlayerNumber": 2
        },
        null,
        null,
        null,
        null,
        null,
        null,
        null,
        null,
        null,
        {
          "LivesCost": 1,
          "Id": 138,
          "Alive": true,
          "X": 14,
          "Y": 1,
          "Width": 3,
          "Height": 1,
          "Type": "MissileController",
          "PlayerNumber": 2
        },
        {
          "LivesCost": 1,
          "Id": 138,
          "Alive": true,
          "X": 14,
          "Y": 1,
          "Width": 3,
          "Height": 1,
          "Type": "MissileController",
          "PlayerNumber": 2
        },
        {
          "LivesCost": 1,
          "Id": 138,
          "Alive": true,
          "X": 14,
          "Y": 1,
          "Width": 3,
          "Height": 1,
          "Type": "MissileController",
          "PlayerNumber": 2
        },
        null,
        {
          "Id": 21,
          "Alive": true,
          "X": 18,
          "Y": 1,
          "Width": 1,
          "Height": 1,
          "Type": "Wall",
          "PlayerNumber": 0
        }
      ],
      [
        {
          "Id": 22,
          "Alive": true,
          "X": 0,
          "Y": 2,
          "Width": 1,
          "Height": 1,
          "Type": "Wall",
          "PlayerNumber": 0
        },
        null,
        null,
        null,
        null,
        {
          "Command": "Nothing",
          "CommandFeedback": "Moved right.",
          "Id": 86,
          "Alive": true,
          "X": 5,
          "Y": 2,
          "Width": 3,
          "Height": 1,
          "Type": "Ship",
          "PlayerNumber": 2
        },
        {
          "Command": "Nothing",
          "CommandFeedback": "Moved right.",
          "Id": 86,
          "Alive": true,
          "X": 5,
          "Y": 2,
          "Width": 3,
          "Height": 1,
          "Type": "Ship",
          "PlayerNumber": 2
        },
        {
          "Command": "Nothing",
          "CommandFeedback": "Moved right.",
          "Id": 86,
          "Alive": true,
          "X": 5,
          "Y": 2,
          "Width": 3,
          "Height": 1,
          "Type": "Ship",
          "PlayerNumber": 2
        },
        null,
        null,
        null,
        null,
        null,
        null,
        null,
        null,
        null,
        null,
        {
          "Id": 23,
          "Alive": true,
          "X": 18,
          "Y": 2,
          "Width": 1,
          "Height": 1,
          "Type": "Wall",
          "PlayerNumber": 0
        }
      ],
      [
        {
          "Id": 24,
          "Alive": true,
          "X": 0,
          "Y": 3,
          "Width": 1,
          "Height": 1,
          "Type": "Wall",
          "PlayerNumber": 0
        },
        null,
        {
          "Id": 105,
          "Alive": true,
          "X": 2,
          "Y": 3,
          "Width": 1,
          "Height": 1,
          "Type": "Shield",
          "PlayerNumber": 2
        },
        {
          "Id": 108,
          "Alive": true,
          "X": 3,
          "Y": 3,
          "Width": 1,
          "Height": 1,
          "Type": "Shield",
          "PlayerNumber": 2
        },
        {
          "Id": 111,
          "Alive": true,
          "X": 4,
          "Y": 3,
          "Width": 1,
          "Height": 1,
          "Type": "Shield",
          "PlayerNumber": 2
        },
        null,
        null,
        null,
        null,
        null,
        null,
        null,
        null,
        {
          "Id": 185,
          "Alive": true,
          "X": 13,
          "Y": 3,
          "Width": 1,
          "Height": 1,
          "Type": "Bullet",
          "PlayerNumber": 1
        },
        {
          "Id": 114,
          "Alive": true,
          "X": 14,
          "Y": 3,
          "Width": 1,
          "Height": 1,
          "Type": "Shield",
          "PlayerNumber": 2
        },
        {
          "Id": 117,
          "Alive": true,
          "X": 15,
          "Y": 3,
          "Width": 1,
          "Height": 1,
          "Type": "Shield",
          "PlayerNumber": 2
        },
        {
          "Id": 120,
          "Alive": true,
          "X": 16,
          "Y": 3,
          "Width": 1,
          "Height": 1,
          "Type": "Shield",
          "PlayerNumber": 2
        },
        null,
        {
          "Id": 25,
          "Alive": true,
          "X": 18,
          "Y": 3,
          "Width": 1,
          "Height": 1,
          "Type": "Wall",
          "PlayerNumber": 0
        }
      ],
      [
        {
          "Id": 26,
          "Alive": true,
          "X": 0,
          "Y": 4,
          "Width": 1,
          "Height": 1,
          "Type": "Wall",
          "PlayerNumber": 0
        },
        null,
        {
          "Id": 106,
          "Alive": true,
          "X": 2,
          "Y": 4,
          "Width": 1,
          "Height": 1,
          "Type": "Shield",
          "PlayerNumber": 2
        },
        {
          "Id": 109,
          "Alive": true,
          "X": 3,
          "Y": 4,
          "Width": 1,
          "Height": 1,
          "Type": "Shield",
          "PlayerNumber": 2
        },
        {
          "Id": 112,
          "Alive": true,
          "X": 4,
          "Y": 4,
          "Width": 1,
          "Height": 1,
          "Type": "Shield",
          "PlayerNumber": 2
        },
        null,
        null,
        {
          "Id": 190,
          "Alive": true,
          "X": 7,
          "Y": 4,
          "Width": 1,
          "Height": 1,
          "Type": "Missile",
          "PlayerNumber": 2
        },
        null,
        null,
        null,
        null,
        null,
        null,
        {
          "Id": 115,
          "Alive": true,
          "X": 14,
          "Y": 4,
          "Width": 1,
          "Height": 1,
          "Type": "Shield",
          "PlayerNumber": 2
        },
        {
          "Id": 118,
          "Alive": true,
          "X": 15,
          "Y": 4,
          "Width": 1,
          "Height": 1,
          "Type": "Shield",
          "PlayerNumber": 2
        },
        {
          "Id": 121,
          "Alive": true,
          "X": 16,
          "Y": 4,
          "Width": 1,
          "Height": 1,
          "Type": "Shield",
          "PlayerNumber": 2
        },
        null,
        {
          "Id": 27,
          "Alive": true,
          "X": 18,
          "Y": 4,
          "Width": 1,
          "Height": 1,
          "Type": "Wall",
          "PlayerNumber": 0
        }
      ],
      [
        {
          "Id": 28,
          "Alive": true,
          "X": 0,
          "Y": 5,
          "Width": 1,
          "Height": 1,
          "Type": "Wall",
          "PlayerNumber": 0
        },
        null,
        {
          "Id": 107,
          "Alive": true,
          "X": 2,
          "Y": 5,
          "Width": 1,
          "Height": 1,
          "Type": "Shield",
          "PlayerNumber": 2
        },
        {
          "Id": 110,
          "Alive": true,
          "X": 3,
          "Y": 5,
          "Width": 1,
          "Height": 1,
          "Type": "Shield",
          "PlayerNumber": 2
        },
        null,
        null,
        null,
        null,
        null,
        null,
        null,
        null,
        null,
        null,
        {
          "Id": 116,
          "Alive": true,
          "X": 14,
          "Y": 5,
          "Width": 1,
          "Height": 1,
          "Type": "Shield",
          "PlayerNumber": 2
        },
        {
          "Id": 119,
          "Alive": true,
          "X": 15,
          "Y": 5,
          "Width": 1,
          "Height": 1,
          "Type": "Shield",
          "PlayerNumber": 2
        },
        {
          "Id": 122,
          "Alive": true,
          "X": 16,
          "Y": 5,
          "Width": 1,
          "Height": 1,
          "Type": "Shield",
          "PlayerNumber": 2
        },
        null,
        {
          "Id": 29,
          "Alive": true,
          "X": 18,
          "Y": 5,
          "Width": 1,
          "Height": 1,
          "Type": "Wall",
          "PlayerNumber": 0
        }
      ],
      [
        {
          "Id": 30,
          "Alive": true,
          "X": 0,
          "Y": 6,
          "Width": 1,
          "Height": 1,
          "Type": "Wall",
          "PlayerNumber": 0
        },
        null,
        null,
        null,
        null,
        null,
        null,
        null,
        null,
        null,
        null,
        null,
        null,
        null,
        null,
        null,
        null,
        null,
        {
          "Id": 31,
          "Alive": true,
          "X": 18,
          "Y": 6,
          "Width": 1,
          "Height": 1,
          "Type": "Wall",
          "PlayerNumber": 0
        }
      ],
      [
        {
          "Id": 32,
          "Alive": true,
          "X": 0,
          "Y": 7,
          "Width": 1,
          "Height": 1,
          "Type": "Wall",
          "PlayerNumber": 0
        },
        null,
        null,
        null,
        null,
        null,
        null,
        null,
        {
          "Id": 188,
          "Alive": true,
          "X": 8,
          "Y": 7,
          "Width": 1,
          "Height": 1,
          "Type": "Missile",
          "PlayerNumber": 2
        },
        null,
        null,
        null,
        null,
        null,
        null,
        null,
        null,
        null,
        {
          "Id": 33,
          "Alive": true,
          "X": 18,
          "Y": 7,
          "Width": 1,
          "Height": 1,
          "Type": "Wall",
          "PlayerNumber": 0
        }
      ],
      [
        {
          "Id": 34,
          "Alive": true,
          "X": 0,
          "Y": 8,
          "Width": 1,
          "Height": 1,
          "Type": "Wall",
          "PlayerNumber": 0
        },
        null,
        null,
        null,
        null,
        null,
        null,
        null,
        null,
        null,
        null,
        null,
        null,
        null,
        null,
        null,
        null,
        null,
        {
          "Id": 35,
          "Alive": true,
          "X": 18,
          "Y": 8,
          "Width": 1,
          "Height": 1,
          "Type": "Wall",
          "PlayerNumber": 0
        }
      ],
      [
        {
          "Id": 36,
          "Alive": true,
          "X": 0,
          "Y": 9,
          "Width": 1,
          "Height": 1,
          "Type": "Wall",
          "PlayerNumber": 0
        },
        null,
        null,
        null,
        null,
        null,
        null,
        null,
        null,
        null,
        null,
        null,
        null,
        null,
        null,
        null,
        null,
        null,
        {
          "Id": 37,
          "Alive": true,
          "X": 18,
          "Y": 9,
          "Width": 1,
          "Height": 1,
          "Type": "Wall",
          "PlayerNumber": 0
        }
      ],
      [
        {
          "Id": 38,
          "Alive": true,
          "X": 0,
          "Y": 10,
          "Width": 1,
          "Height": 1,
          "Type": "Wall",
          "PlayerNumber": 0
        },
        null,
        null,
        null,
        null,
        null,
        null,
        null,
        null,
        null,
        null,
        null,
        null,
        null,
        null,
        null,
        null,
        null,
        {
          "Id": 39,
          "Alive": true,
          "X": 18,
          "Y": 10,
          "Width": 1,
          "Height": 1,
          "Type": "Wall",
          "PlayerNumber": 0
        }
      ],
      [
        {
          "Id": 40,
          "Alive": true,
          "X": 0,
          "Y": 11,
          "Width": 1,
          "Height": 1,
          "Type": "Wall",
          "PlayerNumber": 0
        },
        null,
        {
          "Id": 174,
          "Alive": true,
          "X": 2,
          "Y": 11,
          "Width": 1,
          "Height": 1,
          "Type": "Alien",
          "PlayerNumber": 1
        },
        null,
        null,
        {
          "Id": 173,
          "Alive": true,
          "X": 5,
          "Y": 11,
          "Width": 1,
          "Height": 1,
          "Type": "Alien",
          "PlayerNumber": 1
        },
        null,
        null,
        {
          "Id": 172,
          "Alive": true,
          "X": 8,
          "Y": 11,
          "Width": 1,
          "Height": 1,
          "Type": "Alien",
          "PlayerNumber": 1
        },
        null,
        null,
        null,
        null,
        null,
        null,
        null,
        null,
        null,
        {
          "Id": 41,
          "Alive": true,
          "X": 18,
          "Y": 11,
          "Width": 1,
          "Height": 1,
          "Type": "Wall",
          "PlayerNumber": 0
        }
      ],
      [
        {
          "Id": 42,
          "Alive": true,
          "X": 0,
          "Y": 12,
          "Width": 1,
          "Height": 1,
          "Type": "Wall",
          "PlayerNumber": 0
        },
        null,
        null,
        null,
        null,
        null,
        null,
        null,
        null,
        null,
        null,
        null,
        null,
        null,
        null,
        null,
        null,
        null,
        {
          "Id": 43,
          "Alive": true,
          "X": 18,
          "Y": 12,
          "Width": 1,
          "Height": 1,
          "Type": "Wall",
          "PlayerNumber": 0
        }
      ],
      [
        {
          "Id": 44,
          "Alive": true,
          "X": 0,
          "Y": 13,
          "Width": 1,
          "Height": 1,
          "Type": "Wall",
          "PlayerNumber": 0
        },
        null,
        {
          "Id": 179,
          "Alive": true,
          "X": 2,
          "Y": 13,
          "Width": 1,
          "Height": 1,
          "Type": "Alien",
          "PlayerNumber": 2
        },
        null,
        null,
        {
          "Id": 178,
          "Alive": true,
          "X": 5,
          "Y": 13,
          "Width": 1,
          "Height": 1,
          "Type": "Alien",
          "PlayerNumber": 2
        },
        null,
        null,
        {
          "Id": 177,
          "Alive": true,
          "X": 8,
          "Y": 13,
          "Width": 1,
          "Height": 1,
          "Type": "Alien",
          "PlayerNumber": 2
        },
        null,
        null,
        null,
        null,
        null,
        null,
        null,
        null,
        null,
        {
          "Id": 45,
          "Alive": true,
          "X": 18,
          "Y": 13,
          "Width": 1,
          "Height": 1,
          "Type": "Wall",
          "PlayerNumber": 0
        }
      ],
      [
        {
          "Id": 46,
          "Alive": true,
          "X": 0,
          "Y": 14,
          "Width": 1,
          "Height": 1,
          "Type": "Wall",
          "PlayerNumber": 0
        },
        null,
        null,
        null,
        null,
        null,
        null,
        null,
        null,
        null,
        null,
        null,
        null,
        null,
        null,
        null,
        null,
        null,
        {
          "Id": 47,
          "Alive": true,
          "X": 18,
          "Y": 14,
          "Width": 1,
          "Height": 1,
          "Type": "Wall",
          "PlayerNumber": 0
        }
      ],
      [
        {
          "Id": 48,
          "Alive": true,
          "X": 0,
          "Y": 15,
          "Width": 1,
          "Height": 1,
          "Type": "Wall",
          "PlayerNumber": 0
        },
        null,
        null,
        null,
        null,
        null,
        null,
        null,
        null,
        null,
        null,
        null,
        null,
        null,
        null,
        null,
        null,
        null,
        {
          "Id": 49,
          "Alive": true,
          "X": 18,
          "Y": 15,
          "Width": 1,
          "Height": 1,
          "Type": "Wall",
          "PlayerNumber": 0
        }
      ],
      [
        {
          "Id": 50,
          "Alive": true,
          "X": 0,
          "Y": 16,
          "Width": 1,
          "Height": 1,
          "Type": "Wall",
          "PlayerNumber": 0
        },
        null,
        null,
        null,
        null,
        null,
        null,
        null,
        null,
        null,
        null,
        null,
        null,
        null,
        null,
        null,
        null,
        null,
        {
          "Id": 51,
          "Alive": true,
          "X": 18,
          "Y": 16,
          "Width": 1,
          "Height": 1,
          "Type": "Wall",
          "PlayerNumber": 0
        }
      ],
      [
        {
          "Id": 52,
          "Alive": true,
          "X": 0,
          "Y": 17,
          "Width": 1,
          "Height": 1,
          "Type": "Wall",
          "PlayerNumber": 0
        },
        null,
        null,
        null,
        null,
        null,
        null,
        null,
        {
          "Id": 187,
          "Alive": true,
          "X": 8,
          "Y": 17,
          "Width": 1,
          "Height": 1,
          "Type": "Missile",
          "PlayerNumber": 1
        },
        null,
        null,
        null,
        null,
        null,
        null,
        null,
        null,
        null,
        {
          "Id": 53,
          "Alive": true,
          "X": 18,
          "Y": 17,
          "Width": 1,
          "Height": 1,
          "Type": "Wall",
          "PlayerNumber": 0
        }
      ],
      [
        {
          "Id": 54,
          "Alive": true,
          "X": 0,
          "Y": 18,
          "Width": 1,
          "Height": 1,
          "Type": "Wall",
          "PlayerNumber": 0
        },
        null,
        null,
        null,
        null,
        null,
        null,
        null,
        null,
        null,
        null,
        null,
        null,
        null,
        null,
        null,
        null,
        null,
        {
          "Id": 55,
          "Alive": true,
          "X": 18,
          "Y": 18,
          "Width": 1,
          "Height": 1,
          "Type": "Wall",
          "PlayerNumber": 0
        }
      ],
      [
        {
          "Id": 56,
          "Alive": true,
          "X": 0,
          "Y": 19,
          "Width": 1,
          "Height": 1,
          "Type": "Wall",
          "PlayerNumber": 0
        },
        null,
        null,
        {
          "Id": 92,
          "Alive": true,
          "X": 3,
          "Y": 19,
          "Width": 1,
          "Height": 1,
          "Type": "Shield",
          "PlayerNumber": 1
        },
        {
          "Id": 95,
          "Alive": true,
          "X": 4,
          "Y": 19,
          "Width": 1,
          "Height": 1,
          "Type": "Shield",
          "PlayerNumber": 1
        },
        null,
        null,
        {
          "Id": 186,
          "Alive": true,
          "X": 7,
          "Y": 19,
          "Width": 1,
          "Height": 1,
          "Type": "Bullet",
          "PlayerNumber": 2
        },
        null,
        null,
        null,
        null,
        null,
        null,
        {
          "Id": 98,
          "Alive": true,
          "X": 14,
          "Y": 19,
          "Width": 1,
          "Height": 1,
          "Type": "Shield",
          "PlayerNumber": 1
        },
        {
          "Id": 101,
          "Alive": true,
          "X": 15,
          "Y": 19,
          "Width": 1,
          "Height": 1,
          "Type": "Shield",
          "PlayerNumber": 1
        },
        null,
        null,
        {
          "Id": 57,
          "Alive": true,
          "X": 18,
          "Y": 19,
          "Width": 1,
          "Height": 1,
          "Type": "Wall",
          "PlayerNumber": 0
        }
      ],
      [
        {
          "Id": 58,
          "Alive": true,
          "X": 0,
          "Y": 20,
          "Width": 1,
          "Height": 1,
          "Type": "Wall",
          "PlayerNumber": 0
        },
        null,
        {
          "Id": 88,
          "Alive": true,
          "X": 2,
          "Y": 20,
          "Width": 1,
          "Height": 1,
          "Type": "Shield",
          "PlayerNumber": 1
        },
        {
          "Id": 91,
          "Alive": true,
          "X": 3,
          "Y": 20,
          "Width": 1,
          "Height": 1,
          "Type": "Shield",
          "PlayerNumber": 1
        },
        {
          "Id": 94,
          "Alive": true,
          "X": 4,
          "Y": 20,
          "Width": 1,
          "Height": 1,
          "Type": "Shield",
          "PlayerNumber": 1
        },
        null,
        null,
        {
          "Id": 189,
          "Alive": true,
          "X": 7,
          "Y": 20,
          "Width": 1,
          "Height": 1,
          "Type": "Missile",
          "PlayerNumber": 1
        },
        null,
        null,
        null,
        null,
        null,
        null,
        {
          "Id": 97,
          "Alive": true,
          "X": 14,
          "Y": 20,
          "Width": 1,
          "Height": 1,
          "Type": "Shield",
          "PlayerNumber": 1
        },
        {
          "Id": 100,
          "Alive": true,
          "X": 15,
          "Y": 20,
          "Width": 1,
          "Height": 1,
          "Type": "Shield",
          "PlayerNumber": 1
        },
        {
          "Id": 103,
          "Alive": true,
          "X": 16,
          "Y": 20,
          "Width": 1,
          "Height": 1,
          "Type": "Shield",
          "PlayerNumber": 1
        },
        null,
        {
          "Id": 59,
          "Alive": true,
          "X": 18,
          "Y": 20,
          "Width": 1,
          "Height": 1,
          "Type": "Wall",
          "PlayerNumber": 0
        }
      ],
      [
        {
          "Id": 60,
          "Alive": true,
          "X": 0,
          "Y": 21,
          "Width": 1,
          "Height": 1,
          "Type": "Wall",
          "PlayerNumber": 0
        },
        null,
        {
          "Id": 87,
          "Alive": true,
          "X": 2,
          "Y": 21,
          "Width": 1,
          "Height": 1,
          "Type": "Shield",
          "PlayerNumber": 1
        },
        {
          "Id": 90,
          "Alive": true,
          "X": 3,
          "Y": 21,
          "Width": 1,
          "Height": 1,
          "Type": "Shield",
          "PlayerNumber": 1
        },
        {
          "Id": 93,
          "Alive": true,
          "X": 4,
          "Y": 21,
          "Width": 1,
          "Height": 1,
          "Type": "Shield",
          "PlayerNumber": 1
        },
        null,
        null,
        null,
        null,
        null,
        null,
        null,
        null,
        null,
        {
          "Id": 96,
          "Alive": true,
          "X": 14,
          "Y": 21,
          "Width": 1,
          "Height": 1,
          "Type": "Shield",
          "PlayerNumber": 1
        },
        {
          "Id": 99,
          "Alive": true,
          "X": 15,
          "Y": 21,
          "Width": 1,
          "Height": 1,
          "Type": "Shield",
          "PlayerNumber": 1
        },
        {
          "Id": 102,
          "Alive": true,
          "X": 16,
          "Y": 21,
          "Width": 1,
          "Height": 1,
          "Type": "Shield",
          "PlayerNumber": 1
        },
        null,
        {
          "Id": 61,
          "Alive": true,
          "X": 18,
          "Y": 21,
          "Width": 1,
          "Height": 1,
          "Type": "Wall",
          "PlayerNumber": 0
        }
      ],
      [
        {
          "Id": 62,
          "Alive": true,
          "X": 0,
          "Y": 22,
          "Width": 1,
          "Height": 1,
          "Type": "Wall",
          "PlayerNumber": 0
        },
        null,
        null,
        null,
        null,
        {
          "Command": "Nothing",
          "CommandFeedback": "Moved left.",
          "Id": 85,
          "Alive": true,
          "X": 5,
          "Y": 22,
          "Width": 3,
          "Height": 1,
          "Type": "Ship",
          "PlayerNumber": 1
        },
        {
          "Command": "Nothing",
          "CommandFeedback": "Moved left.",
          "Id": 85,
          "Alive": true,
          "X": 5,
          "Y": 22,
          "Width": 3,
          "Height": 1,
          "Type": "Ship",
          "PlayerNumber": 1
        },
        {
          "Command": "Nothing",
          "CommandFeedback": "Moved left.",
          "Id": 85,
          "Alive": true,
          "X": 5,
          "Y": 22,
          "Width": 3,
          "Height": 1,
          "Type": "Ship",
          "PlayerNumber": 1
        },
        null,
        null,
        null,
        null,
        null,
        null,
        null,
        null,
        null,
        null,
        {
          "Id": 63,
          "Alive": true,
          "X": 18,
          "Y": 22,
          "Width": 1,
          "Height": 1,
          "Type": "Wall",
          "PlayerNumber": 0
        }
      ],
      [
        {
          "Id": 64,
          "Alive": true,
          "X": 0,
          "Y": 23,
          "Width": 1,
          "Height": 1,
          "Type": "Wall",
          "PlayerNumber": 0
        },
        null,
        {
          "LivesCost": 1,
          "Id": 164,
          "Alive": true,
          "X": 2,
          "Y": 23,
          "Width": 3,
          "Height": 1,
          "Type": "AlienFactory",
          "PlayerNumber": 1
        },
        {
          "LivesCost": 1,
          "Id": 164,
          "Alive": true,
          "X": 2,
          "Y": 23,
          "Width": 3,
          "Height": 1,
          "Type": "AlienFactory",
          "PlayerNumber": 1
        },
        {
          "LivesCost": 1,
          "Id": 164,
          "Alive": true,
          "X": 2,
          "Y": 23,
          "Width": 3,
          "Height": 1,
          "Type": "AlienFactory",
          "PlayerNumber": 1
        },
        null,
        null,
        null,
        null,
        null,
        null,
        null,
        null,
        null,
        {
          "LivesCost": 1,
          "Id": 137,
          "Alive": true,
          "X": 14,
          "Y": 23,
          "Width": 3,
          "Height": 1,
          "Type": "MissileController",
          "PlayerNumber": 1
        },
        {
          "LivesCost": 1,
          "Id": 137,
          "Alive": true,
          "X": 14,
          "Y": 23,
          "Width": 3,
          "Height": 1,
          "Type": "MissileController",
          "PlayerNumber": 1
        },
        {
          "LivesCost": 1,
          "Id": 137,
          "Alive": true,
          "X": 14,
          "Y": 23,
          "Width": 3,
          "Height": 1,
          "Type": "MissileController",
          "PlayerNumber": 1
        },
        null,
        {
          "Id": 65,
          "Alive": true,
          "X": 18,
          "Y": 23,
          "Width": 1,
          "Height": 1,
          "Type": "Wall",
          "PlayerNumber": 0
        }
      ],
      [
        {
          "Id": 66,
          "Alive": true,
          "X": 0,
          "Y": 24,
          "Width": 1,
          "Height": 1,
          "Type": "Wall",
          "PlayerNumber": 0
        },
        {
          "Id": 67,
          "Alive": true,
          "X": 1,
          "Y": 24,
          "Width": 1,
          "Height": 1,
          "Type": "Wall",
          "PlayerNumber": 0
        },
        {
          "Id": 68,
          "Alive": true,
          "X": 2,
          "Y": 24,
          "Width": 1,
          "Height": 1,
          "Type": "Wall",
          "PlayerNumber": 0
        },
        {
          "Id": 69,
          "Alive": true,
          "X": 3,
          "Y": 24,
          "Width": 1,
          "Height": 1,
          "Type": "Wall",
          "PlayerNumber": 0
        },
        {
          "Id": 70,
          "Alive": true,
          "X": 4,
          "Y": 24,
          "Width": 1,
          "Height": 1,
          "Type": "Wall",
          "PlayerNumber": 0
        },
        {
          "Id": 71,
          "Alive": true,
          "X": 5,
          "Y": 24,
          "Width": 1,
          "Height": 1,
          "Type": "Wall",
          "PlayerNumber": 0
        },
        {
          "Id": 72,
          "Alive": true,
          "X": 6,
          "Y": 24,
          "Width": 1,
          "Height": 1,
          "Type": "Wall",
          "PlayerNumber": 0
        },
        {
          "Id": 73,
          "Alive": true,
          "X": 7,
          "Y": 24,
          "Width": 1,
          "Height": 1,
          "Type": "Wall",
          "PlayerNumber": 0
        },
        {
          "Id": 74,
          "Alive": true,
          "X": 8,
          "Y": 24,
          "Width": 1,
          "Height": 1,
          "Type": "Wall",
          "PlayerNumber": 0
        },
        {
          "Id": 75,
          "Alive": true,
          "X": 9,
          "Y": 24,
          "Width": 1,
          "Height": 1,
          "Type": "Wall",
          "PlayerNumber": 0
        },
        {
          "Id": 76,
          "Alive": true,
          "X": 10,
          "Y": 24,
          "Width": 1,
          "Height": 1,
          "Type": "Wall",
          "PlayerNumber": 0
        },
        {
          "Id": 77,
          "Alive": true,
          "X": 11,
          "Y": 24,
          "Width": 1,
          "Height": 1,
          "Type": "Wall",
          "PlayerNumber": 0
        },
        {
          "Id": 78,
          "Alive": true,
          "X": 12,
          "Y": 24,
          "Width": 1,
          "Height": 1,
          "Type": "Wall",
          "PlayerNumber": 0
        },
        {
          "Id": 79,
          "Alive": true,
          "X": 13,
          "Y": 24,
          "Width": 1,
          "Height": 1,
          "Type": "Wall",
          "PlayerNumber": 0
        },
        {
          "Id": 80,
          "Alive": true,
          "X": 14,
          "Y": 24,
          "Width": 1,
          "Height": 1,
          "Type": "Wall",
          "PlayerNumber": 0
        },
        {
          "Id": 81,
          "Alive": true,
          "X": 15,
          "Y": 24,
          "Width": 1,
          "Height": 1,
          "Type": "Wall",
          "PlayerNumber": 0
        },
        {
          "Id": 82,
          "Alive": true,
          "X": 16,
          "Y": 24,
          "Width": 1,
          "Height": 1,
          "Type": "Wall",
          "PlayerNumber": 0
        },
        {
          "Id": 83,
          "Alive": true,
          "X": 17,
          "Y": 24,
          "Width": 1,
          "Height": 1,
          "Type": "Wall",
          "PlayerNumber": 0
        },
        {
          "Id": 84,
          "Alive": true,
          "X": 18,
          "Y": 24,
          "Width": 1,
          "Height": 1,
          "Type": "Wall",
          "PlayerNumber": 0
        }
      ]
    ]
  },
  "Players": [
    {
      "PlayerNumberReal": 1,
      "PlayerNumber": 1,
      "PlayerName": "Tracer",
      "Ship": {
        "Command": "Nothing",
        "CommandFeedback": "Moved left.",
        "Id": 85,
        "Alive": true,
        "X": 5,
        "Y": 22,
        "Width": 3,
        "Height": 1,
        "Type": "Ship",
        "PlayerNumber": 1
      },
      "Kills": 8,
      "Lives": 0,
      "RespawnTimer": -1,
      "Missiles": [
        {
          "Id": 187,
          "Alive": true,
          "X": 8,
          "Y": 17,
          "Width": 1,
          "Height": 1,
          "Type": "Missile",
          "PlayerNumber": 1
        },
        {
          "Id": 189,
          "Alive": true,
          "X": 7,
          "Y": 20,
          "Width": 1,
          "Height": 1,
          "Type": "Missile",
          "PlayerNumber": 1
        }
      ],
      "MissileLimit": 2,
      "AlienWaveSize": 5,
      "AlienFactory": {
        "LivesCost": 1,
        "Id": 164,
        "Alive": true,
        "X": 2,
        "Y": 23,
        "Width": 3,
        "Height": 1,
        "Type": "AlienFactory",
        "PlayerNumber": 1
      },
      "MissileController": {
        "LivesCost": 1,
        "Id": 137,
        "Alive": true,
        "X": 14,
        "Y": 23,
        "Width": 3,
        "Height": 1,
        "Type": "MissileController",
        "PlayerNumber": 1
      },
      "AlienManager": {
        "PlayerNumber": 1,
        "Disabled": false,
        "Waves": [
          [
            {
              "Id": 172,
              "Alive": true,
              "X": 8,
              "Y": 11,
              "Width": 1,
              "Height": 1,
              "Type": "Alien",
              "PlayerNumber": 1
            },
            {
              "Id": 173,
              "Alive": true,
              "X": 5,
              "Y": 11,
              "Width": 1,
              "Height": 1,
              "Type": "Alien",
              "PlayerNumber": 1
            },
            {
              "Id": 174,
              "Alive": true,
              "X": 2,
              "Y": 11,
              "Width": 1,
              "Height": 1,
              "Type": "Alien",
              "PlayerNumber": 1
            }
          ]
        ],
        "ShotEnergyCost": 6,
        "ShotEnergy": 5,
        "DeltaX": -1
      }
    },
    {
      "PlayerNumberReal": 2,
      "PlayerNumber": 2,
      "PlayerName": "Tracer",
      "Ship": {
        "Command": "Nothing",
        "CommandFeedback": "Moved right.",
        "Id": 86,
        "Alive": true,
        "X": 5,
        "Y": 2,
        "Width": 3,
        "Height": 1,
        "Type": "Ship",
        "PlayerNumber": 2
      },
      "Kills": 8,
      "Lives": 0,
      "RespawnTimer": -1,
      "Missiles": [
        {
          "Id": 188,
          "Alive": true,
          "X": 8,
          "Y": 7,
          "Width": 1,
          "Height": 1,
          "Type": "Missile",
          "PlayerNumber": 2
        },
        {
          "Id": 190,
          "Alive": true,
          "X": 7,
          "Y": 4,
          "Width": 1,
          "Height": 1,
          "Type": "Missile",
          "PlayerNumber": 2
        }
      ],
      "MissileLimit": 2,
      "AlienWaveSize": 5,
      "AlienFactory": {
        "LivesCost": 1,
        "Id": 161,
        "Alive": true,
        "X": 2,
        "Y": 1,
        "Width": 3,
        "Height": 1,
        "Type": "AlienFactory",
        "PlayerNumber": 2
      },
      "MissileController": {
        "LivesCost": 1,
        "Id": 138,
        "Alive": true,
        "X": 14,
        "Y": 1,
        "Width": 3,
        "Height": 1,
        "Type": "MissileController",
        "PlayerNumber": 2
      },
      "AlienManager": {
        "PlayerNumber": 2,
        "Disabled": false,
        "Waves": [
          [
            {
              "Id": 177,
              "Alive": true,
              "X": 8,
              "Y": 13,
              "Width": 1,
              "Height": 1,
              "Type": "Alien",
              "PlayerNumber": 2
            },
            {
              "Id": 178,
              "Alive": true,
              "X": 5,
              "Y": 13,
              "Width": 1,
              "Height": 1,
              "Type": "Alien",
              "PlayerNumber": 2
            },
            {
              "Id": 179,
              "Alive": true,
              "X": 2,
              "Y": 13,
              "Width": 1,
              "Height": 1,
              "Type": "Alien",
              "PlayerNumber": 2
            }
          ]
        ],
        "ShotEnergyCost": 6,
        "ShotEnergy": 5,
        "DeltaX": -1
      }
    }
  ],
  "RoundNumber": 65,
  "RoundLimit": 200
}
